run,prompt,arm,workflow,model,cfg,steps,negative,sampler,scheduler,width,height,megapixels,seed,prompt_sha1,status,exec_s,comfy_exec_s,load_s,encode_s,sampler_s,step_s,decode_s,vram_total_gib,vram_used_before_gib,peak_vram_used_gib,vram_samples,file,out_w,out_h,score,score_max,score_detail,prompt_id,started,note
p1_A,p1,A,text2img/qwen_image,qwen-image-2.1-UC-Q8_0.gguf,1.0,25,"""""",euler,simple,768,1344,1.032,42,6153567294,ok,65.3,65.6,1.6,13.5,47.9,1.12,3.3,24.0,1.35,8.92,65,images/p1_A.png,768,1344,4,4,1111,8546d3ef-f82a-4aa8-abc6-f7651090a133,2026-10-03 20:59:41,
p2_A,p2,A,text2img/qwen_image,qwen-image-2.1-UC-Q8_0.gguf,1.0,25,"""""",euler,simple,768,1344,1.032,42,4e8665c5a7,ok,45.0,45.3,1.6,5.2,37.2,1.12,2.0,24.0,1.35,8.83,45,images/p2_A.png,768,1344,3,4,0111,ba96618c-6870-4fcc-84cd-fe2b7d9ec2fd,2026-10-03 21:01:07,
p3_A,p3,A,text2img/qwen_image,qwen-image-2.1-UC-Q8_0.gguf,1.0,25,"""""",euler,simple,768,1344,1.032,42,df6909a4f7,ok,43.0,43.4,1.4,3.6,37.1,1.13,1.9,24.0,1.35,9.36,43,images/p3_A.png,768,1344,3,4,1101,d655d01d-cd35-454a-82be-d82fd3c499d9,2026-10-03 21:02:13,
p4_A,p4,A,text2img/qwen_image,qwen-image-2.1-UC-Q8_0.gguf,1.0,25,"""""",euler,simple,768,1344,1.032,42,6196ea56b6,ok,46.9,47.2,1.5,6.7,37.5,1.14,2.2,24.0,1.35,8.83,47,images/p4_A.png,768,1344,2,4,0011,971d8ef6-2089-4c7b-8d04-222904978fc3,2026-10-03 21:03:16,
p5_A,p5,A,text2img/qwen_image,qwen-image-2.1-UC-Q8_0.gguf,1.0,25,"""""",euler,simple,768,1344,1.032,42,6124e67e45,ok,46.9,47.3,1.5,6.6,37.7,1.14,2.1,24.0,1.35,8.86,47,images/p5_A.png,768,1344,4,4,1111,b277f784-1191-4d24-96af-59ac2235a851,2026-10-03 21:04:24,
p1_C,p1,C,text2img/qwen_image,qwen-image-2.1-UC-Q8_0.gguf,1.0,25,""" """,euler,simple,768,1344,1.032,42,6153567294,ok,44.9,45.0,1.5,4.7,37.4,1.16,2.3,24.0,1.35,8.92,45,images/p1_C.png,768,1344,,,,d1cf9244-3eab-4782-8013-eae3a1d74da1,2026-10-03 21:05:32,
p2_C,p2,C,text2img/qwen_image,qwen-image-2.1-UC-Q8_0.gguf,1.0,25,""" """,euler,simple,768,1344,1.032,42,4e8665c5a7,ok,44.5,43.8,1.4,4.0,37.0,1.16,3.0,24.0,1.35,8.95,44,images/p2_C.png,768,1344,,,,09e4cd12-594e-4d61-a0ed-0aaa9d942576,2026-10-03 21:06:37,
p3_C,p3,C,text2img/qwen_image,qwen-image-2.1-UC-Q8_0.gguf,1.0,25,""" """,euler,simple,768,1344,1.032,42,df6909a4f7,ok,48.4,48.7,1.6,7.0,38.4,1.17,2.4,24.0,1.35,9.65,48,images/p3_C.png,768,1344,,,,b05d841e-860e-4164-bd0a-f2f27d4d973b,2026-10-03 21:07:43,
p4_C,p4,C,text2img/qwen_image,qwen-image-2.1-UC-Q8_0.gguf,1.0,25,""" """,euler,simple,768,1344,1.032,42,6196ea56b6,ok,48.1,48.4,1.6,6.8,38.5,1.17,2.2,24.0,1.35,8.83,48,images/p4_C.png,768,1344,,,,5eed7d52-0b72-43a5-b6da-1ec2d81a8b66,2026-10-03 21:08:52,
p5_C,p5,C,text2img/qwen_image,qwen-image-2.1-UC-Q8_0.gguf,1.0,25,""" """,euler,simple,768,1344,1.032,42,6124e67e45,ok,45.1,45.5,1.5,5.1,37.6,1.17,1.9,24.0,1.35,8.83,45,images/p5_C.png,768,1344,,,,79a27bb4-c3a0-4327-8070-8498d7f3d5b4,2026-10-03 21:10:02,
p1_B,p1,B,text2img/qwen_image,qwen-image-2.1-UC-Q8_0.gguf,1.0,25,"""""",euler,simple,896,1664,1.491,42,6153567294,ok,60.1,60.5,1.5,6.6,50.3,1.64,2.7,24.0,1.35,9.34,60,images/p1_B.png,896,1664,3,4,1110,60748a4c-25f5-415b-a70b-88c51beb87e9,2026-10-03 21:11:08,
p2_B,p2,B,text2img/qwen_image,qwen-image-2.1-UC-Q8_0.gguf,1.0,25,"""""",euler,simple,896,1664,1.491,42,4e8665c5a7,ok,60.3,60.9,1.6,6.7,50.3,1.63,2.8,24.0,1.35,9.02,60,images/p2_B.png,896,1664,3,4,1110,987672a3-377c-4134-94c0-2a15f7cebd69,2026-10-03 21:12:29,
p3_B,p3,B,text2img/qwen_image,qwen-image-2.1-UC-Q8_0.gguf,1.0,25,"""""",euler,simple,896,1664,1.491,42,df6909a4f7,ok,62.2,62.2,3.5,9.2,47.7,1.64,2.7,24.0,1.35,9.02,62,images/p3_B.png,896,1664,4,4,1111,c352e557-c9df-40f5-a587-0a6d0ae207f3,2026-10-03 21:13:50,
p4_B,p4,B,text2img/qwen_image,qwen-image-2.1-UC-Q8_0.gguf,1.0,25,"""""",euler,simple,896,1664,1.491,42,6196ea56b6,ok,59.3,59.5,1.4,5.8,50.0,1.64,3.1,24.0,1.35,9.7,59,images/p4_B.png,896,1664,2,4,0011,b157e4c9-f556-48bf-9066-3edca958d297,2026-10-03 21:15:13,
p5_B,p5,B,text2img/qwen_image,qwen-image-2.1-UC-Q8_0.gguf,1.0,25,"""""",euler,simple,896,1664,1.491,42,6124e67e45,ok,60.7,60.9,1.5,6.6,50.9,1.64,2.6,24.0,1.35,9.03,60,images/p5_B.png,896,1664,3,4,1110,57b96b37-d188-4fe0-8d17-a77fa0e89773,2026-10-03 21:16:33,
p1_D,p1,D,text2img/qwen_image,qwen-image-2.1-UC-Q8_0.gguf,1.0,40,""" """,euler,simple,768,1344,1.032,42,6153567294,ok,65.1,65.6,1.6,6.5,55.8,1.17,2.2,24.0,1.35,8.86,65,images/p1_D.png,768,1344,4,4,1111,49e619a9-fb40-425f-9dc0-5478fdbf871b,2026-10-03 21:17:54,
p2_D,p2,D,text2img/qwen_image,qwen-image-2.1-UC-Q8_0.gguf,1.0,40,""" """,euler,simple,768,1344,1.032,42,4e8665c5a7,ok,62.9,63.3,1.5,7.4,52.9,1.16,2.2,24.0,1.35,8.84,63,images/p2_D.png,768,1344,3,4,0111,7216e061-41a0-42ce-a169-468f561eca96,2026-10-03 21:19:21,
p3_D,p3,D,text2img/qwen_image,qwen-image-2.1-UC-Q8_0.gguf,1.0,40,""" """,euler,simple,768,1344,1.032,42,df6909a4f7,ok,62.9,63.1,2.4,6.3,53.2,1.15,2.1,24.0,1.35,8.89,63,images/p3_D.png,768,1344,4,4,1111,c836809f-b97f-46e1-a905-0c2f1535bf0e,2026-10-03 21:20:44,
p4_D,p4,D,text2img/qwen_image,qwen-image-2.1-UC-Q8_0.gguf,1.0,40,""" """,euler,simple,768,1344,1.032,42,6196ea56b6,ok,64.1,64.5,1.6,6.2,54.8,1.14,2.5,24.0,1.35,8.95,64,images/p4_D.png,768,1344,3,4,0111,79deb011-a3dc-400e-88df-99038c12e92b,2026-10-03 21:22:08,
p5_D,p5,D,text2img/qwen_image,qwen-image-2.1-UC-Q8_0.gguf,1.0,40,""" """,euler,simple,768,1344,1.032,42,6124e67e45,ok,63.6,63.9,1.5,6.4,54.6,1.14,2.1,24.0,1.35,9.09,63,images/p5_D.png,768,1344,4,4,1111,24afbdaa-d43a-4b53-9897-004f10925a97,2026-10-03 21:23:33,
p1_F,p1,F,text2img/z_image_turbo,z_image_turbo_bf16.safetensors,1.0,20,n/a (ConditioningZeroOut),res_multistep,simple,768,1344,1.032,42,6153567294,ok,48.9,49.5,7.3,5.3,36.1,1.44,1.2,24.0,1.35,10.92,49,images/p1_F.png,768,1344,3,4,0111,e49d651c-0b97-4c20-8ac4-3a821a4fded3,2026-10-03 21:24:57,
p2_F,p2,F,text2img/z_image_turbo,z_image_turbo_bf16.safetensors,1.0,20,n/a (ConditioningZeroOut),res_multistep,simple,768,1344,1.032,42,4e8665c5a7,ok,41.7,42.0,0.9,4.1,36.1,1.44,1.5,24.0,1.35,11.48,42,images/p2_F.png,768,1344,4,4,1111,dc883c92-ef49-4f85-bf6a-444bb72ea89d,2026-10-03 21:26:08,
p3_F,p3,F,text2img/z_image_turbo,z_image_turbo_bf16.safetensors,1.0,20,n/a (ConditioningZeroOut),res_multistep,simple,768,1344,1.032,42,df6909a4f7,ok,61.9,62.2,1.0,11.5,48.4,1.45,2.0,24.0,1.35,11.09,62,images/p3_F.png,768,1344,2,4,0101,d71fd8be-0d1f-4395-84fc-b984133561a8,2026-10-03 21:27:10,
p4_F,p4,F,text2img/z_image_turbo,z_image_turbo_bf16.safetensors,1.0,20,n/a (ConditioningZeroOut),res_multistep,simple,768,1344,1.032,42,6196ea56b6,ok,67.2,67.5,1.0,13.4,52.3,1.45,1.5,24.0,1.35,10.92,67,images/p4_F.png,768,1344,1,4,0100,75674ddb-68ed-4e09-9a13-b32bdcb824c3,2026-10-03 21:28:33,
p5_F,p5,F,text2img/z_image_turbo,z_image_turbo_bf16.safetensors,1.0,20,n/a (ConditioningZeroOut),res_multistep,simple,768,1344,1.032,42,6124e67e45,ok,40.7,41.0,0.8,2.9,36.3,1.45,1.7,24.0,1.35,11.48,41,images/p5_F.png,768,1344,4,4,1111,87018ea6-2340-4058-b4db-2007919e282a,2026-10-03 21:30:01,
p1_G,p1,G,text2img/z_image_turbo,z_image_turbo_bf16.safetensors,1.0,8,n/a (ConditioningZeroOut),res_multistep,simple,768,1344,1.032,42,6153567294,ok,22.6,23.1,0.9,3.7,17.7,1.44,1.3,24.0,1.35,10.74,23,images/p1_G.png,768,1344,2,4,0110,e1514a6a-b70a-41cc-9d35-2bbfa251c46e,2026-10-03 21:31:03,
p2_G,p2,G,text2img/z_image_turbo,z_image_turbo_bf16.safetensors,1.0,8,n/a (ConditioningZeroOut),res_multistep,simple,768,1344,1.032,42,4e8665c5a7,ok,52.2,52.5,1.0,14.5,35.3,1.46,2.3,24.0,1.35,10.85,52,images/p2_G.png,768,1344,4,4,1111,d6618ec5-88e1-4ee5-879d-b00ea80e2bb6,2026-10-03 21:31:46,
p3_G,p3,G,text2img/z_image_turbo,z_image_turbo_bf16.safetensors,1.0,8,n/a (ConditioningZeroOut),res_multistep,simple,768,1344,1.032,42,df6909a4f7,ok,56.1,56.4,1.1,15.5,38.9,1.48,1.6,24.0,1.35,11.48,56,images/p3_G.png,768,1344,2,4,0101,ea531490-31e1-4302-934c-362060930db8,2026-10-03 21:32:59,
p4_G,p4,G,text2img/z_image_turbo,z_image_turbo_bf16.safetensors,1.0,8,n/a (ConditioningZeroOut),res_multistep,simple,768,1344,1.032,42,6196ea56b6,ok,25.3,25.6,1.1,5.1,18.5,1.47,1.7,24.0,1.35,10.77,26,images/p4_G.png,768,1344,1,4,0100,436e2d06-dbda-4e02-af3b-408cbf07fae6,2026-10-03 21:34:15,
p5_G,p5,G,text2img/z_image_turbo,z_image_turbo_bf16.safetensors,1.0,8,n/a (ConditioningZeroOut),res_multistep,simple,768,1344,1.032,42,6124e67e45,ok,23.4,23.4,0.9,3.9,17.5,1.44,2.0,24.0,1.35,10.86,24,images/p5_G.png,768,1344,4,4,1111,d35d0cf5-1672-42ee-81b1-6590a0d66032,2026-10-03 21:35:02,
p1_H,p1,H,text2img/z_image_turbo,z_image_turbo_bf16.safetensors,1.0,8,n/a (ConditioningZeroOut),res_multistep,simple,896,1664,1.491,42,6153567294,ok,40.7,40.8,1.1,10.0,27.3,1.75,3.4,24.0,1.35,10.99,41,images/p1_H.png,896,1664,4,4,1111,76951dee-409b-4bc7-afa1-32dd8d725e8d,2026-10-03 21:35:46,
p2_H,p2,H,text2img/z_image_turbo,z_image_turbo_bf16.safetensors,1.0,8,n/a (ConditioningZeroOut),res_multistep,simple,896,1664,1.491,42,4e8665c5a7,ok,54.5,53.8,1.0,10.7,39.9,1.75,3.9,24.0,1.35,10.99,54,images/p2_H.png,896,1664,4,4,1111,34a2eb6e-c0af-4ec9-a387-9eae9ad73837,2026-10-03 21:36:47,
p3_H,p3,H,text2img/z_image_turbo,z_image_turbo_bf16.safetensors,1.0,8,n/a (ConditioningZeroOut),res_multistep,simple,896,1664,1.491,42,df6909a4f7,ok,33.4,33.6,1.0,8.9,22.6,1.74,1.9,24.0,1.35,10.76,34,images/p3_H.png,896,1664,2,4,0101,4ab2521e-365f-4056-9721-96abbe98c7ba,2026-10-03 21:38:02,
p4_H,p4,H,text2img/z_image_turbo,z_image_turbo_bf16.safetensors,1.0,8,n/a (ConditioningZeroOut),res_multistep,simple,896,1664,1.491,42,6196ea56b6,ok,26.4,26.6,0.9,4.1,20.3,1.74,2.0,24.0,1.35,10.8,27,images/p4_H.png,896,1664,1,4,0100,b7a92d77-33cd-4c1e-bace-c6d6615b94ff,2026-10-03 21:38:56,
p5_H,p5,H,text2img/z_image_turbo,z_image_turbo_bf16.safetensors,1.0,8,n/a (ConditioningZeroOut),res_multistep,simple,896,1664,1.491,42,6124e67e45,ok,23.9,24.2,0.9,3.4,18.0,1.74,2.6,24.0,1.35,11.54,24,images/p5_H.png,896,1664,3,4,1110,c186ada6-d2ee-4327-8378-b60ee5eb525e,2026-10-03 21:39:43,
p1_E,p1,E,text2img/qwen_image,qwen-image-2.1-UC-Q8_0.gguf,1.0,40,""" """,euler,simple,1536,2752,4.227,42,6153567294,ok,268.6,269.0,1.5,11.3,250.2,5.74,6.6,24.0,1.35,11.93,266,images/p1_E.png,1536,2752,3,4,1110,1dbf4974-4e5a-43de-a30e-4644bd6aed87,2026-10-03 21:40:28,
p2_E,p2,E,text2img/qwen_image,qwen-image-2.1-UC-Q8_0.gguf,1.0,40,""" """,euler,simple,1536,2752,4.227,42,4e8665c5a7,ok,248.1,248.5,1.4,4.2,237.7,5.73,5.8,24.0,1.35,13.06,246,images/p2_E.png,1536,2752,4,4,1111,f7869f10-1bde-445f-b500-25d3b564d40a,2026-10-03 21:45:17,
p3_E,p3,E,text2img/qwen_image,qwen-image-2.1-UC-Q8_0.gguf,1.0,40,""" """,euler,simple,1536,2752,4.227,42,df6909a4f7,ok,245.4,245.8,1.4,3.6,236.1,5.72,5.4,24.0,1.35,10.75,243,images/p3_E.png,1536,2752,4,4,1111,90a849d9-26a7-4439-a334-85a515c95510,2026-10-03 21:49:46,
p4_E,p4,E,text2img/qwen_image,qwen-image-2.1-UC-Q8_0.gguf,1.0,40,""" """,euler,simple,1536,2752,4.227,42,6196ea56b6,ok,246.3,246.7,1.5,3.7,236.5,5.72,5.5,24.0,1.35,12.49,244,images/p4_E.png,1536,2752,2,4,0011,c6b9965b-3d13-488c-8799-31cb39d49245,2026-10-03 21:54:13,
p5_E,p5,E,text2img/qwen_image,qwen-image-2.1-UC-Q8_0.gguf,1.0,40,""" """,euler,simple,1536,2752,4.227,42,6124e67e45,ok,251.2,251.2,1.6,6.8,238.4,5.72,5.3,24.0,1.35,11.89,249,images/p5_E.png,1536,2752,4,4,1111,0377ebb0-20ab-4edd-afbe-67d14a4425e2,2026-10-03 21:58:40,
p1_K,p1,K,text2img/qwen_image,qwen-image-2.1-UC-Q8_0.gguf,3.5,25,""" """,euler,simple,768,1344,1.032,42,6153567294,ok,70.2,70.3,1.3,3.3,64.4,2.28,2.2,24.0,1.35,8.86,70,images/p1_K.png,768,1344,4,4,1111,d317f9c3-e3d4-4ecb-8e10-6abffd439c06,2026-10-03 22:03:29,
p2_K,p2,K,text2img/qwen_image,qwen-image-2.1-UC-Q8_0.gguf,3.5,25,""" """,euler,simple,768,1344,1.032,42,4e8665c5a7,ok,70.2,70.4,1.4,3.3,64.5,2.28,2.0,24.0,1.35,8.84,70,images/p2_K.png,768,1344,4,4,1111,ff35d4cd-af4a-4813-9563-b99e332cb455,2026-10-03 22:05:00,
p3_K,p3,K,text2img/qwen_image,qwen-image-2.1-UC-Q8_0.gguf,3.5,25,""" """,euler,simple,768,1344,1.032,42,df6909a4f7,ok,69.6,69.9,1.3,3.3,64.1,2.28,1.9,24.0,1.35,9.65,69,images/p3_K.png,768,1344,4,4,1111,8fc799f3-9971-4c0c-b8a5-b450ec3203d5,2026-10-03 22:06:31,
p4_K,p4,K,text2img/qwen_image,qwen-image-2.1-UC-Q8_0.gguf,3.5,25,""" """,euler,simple,768,1344,1.032,42,6196ea56b6,ok,73.2,73.6,1.6,5.1,65.6,2.28,1.9,24.0,1.35,8.83,73,images/p4_K.png,768,1344,2,4,0011,68d6df96-9f86-4799-85c6-d5821dceb367,2026-10-03 22:08:01,
p5_K,p5,K,text2img/qwen_image,qwen-image-2.1-UC-Q8_0.gguf,3.5,25,""" """,euler,simple,768,1344,1.032,42,6124e67e45,ok,70.1,70.4,1.4,3.3,64.3,2.29,2.1,24.0,1.35,8.9,70,images/p5_K.png,768,1344,4,4,1111,42e7ce13-37f4-4b64-a01b-80bf8ac4b1db,2026-10-03 22:09:35,
