run,probe,arm,tag,workflow,model,lora,steps,width,height,megapixels,sla,seconds,frames,seed,prompt_sha1,status,exec_s,comfy_exec_s,encode_s,sampler_s,step_s,decode_s,vram_total_gib,vram_used_before_gib,peak_vram_used_gib,vram_samples,file,prompt_id,started,note
i2v_A,i2v,A,,img2video/h3_fused,minimax_h3_fused_refdelta_r1024_turbo8_mystic07_int8_convrot.safetensors,,4,832,832,0.692,0.9/64,5.0,124,42,25619df9c9,ok,201.3,200.7,18.3,112.7,25.7,68.7,24.0,1.35,11.31,100,videos/i2v_A.mp4,20f5003d-3798-4dc5-bdb4-76ade56b64fb,2026-10-03 18:31:14,
i2v_A_seed43,i2v,A,seed43,img2video/h3_fused,minimax_h3_fused_refdelta_r1024_turbo8_mystic07_int8_convrot.safetensors,,4,832,832,0.692,0.9/64,5.0,124,43,25619df9c9,ok,204.9,205.2,16.6,120.7,29.2,66.1,24.0,1.35,11.22,102,videos/i2v_A_seed43.mp4,f4518193-e54e-4c49-a29d-5358710f01b3,2026-10-03 18:37:57,
i2v_B,i2v,B,,img2video/h3_fused,minimax_h3_fused_refdelta_r1024_turbo8_mystic07_int8_convrot.safetensors,,8,832,832,0.692,0.9/64,5.0,124,42,25619df9c9,ok,320.7,321.2,17.6,237.6,29.1,62.9,24.0,1.35,9.56,159,videos/i2v_B.mp4,5cfb7ff9-043b-482c-9ceb-47b99dbc41f8,2026-10-03 18:44:35,
i2v_C,i2v,C,,img2video/h3_fused,minimax_h3_fused_refdelta_r1024_turbo8_mystic07_int8_convrot.safetensors,,4,768,768,0.59,0.9/64,5.0,124,42,25619df9c9,ok,185.9,186.3,17.7,102.0,24.0,66.8,24.0,1.35,8.7,93,videos/i2v_C.mp4,fe219b8a-cbdc-4098-896d-237827bf4521,2026-10-03 18:52:51,
i2v_D,i2v,D,,img2video/h3_fused,minimax_h3_fused_refdelta_r1024_turbo8_mystic07_int8_convrot.safetensors,,8,768,768,0.59,0.9/64,5.0,124,42,25619df9c9,ok,274.8,274.9,12.4,196.7,24.2,66.5,24.0,1.98,8.7,137,videos/i2v_D.mp4,2d000e34-6055-4a39-b41c-734e760211a1,2026-10-03 18:58:23,
i2v_E,i2v,E,,img2video/h3_fused,minimax_h3_fused_refdelta_r1024_turbo8_mystic07_int8_convrot.safetensors,,8,768,768,0.59,off,5.0,124,42,25619df9c9,ok,317.0,317.5,15.7,248.5,30.2,51.4,24.0,1.35,11.31,158,videos/i2v_E.mp4,322dcd4f-334d-4122-8a4b-24bb17189ee1,2026-10-03 19:09:49,
i2v_F,i2v,F,,img2video/h3_full,minimax_h3_fl2va_pruned_int8_convrot.safetensors,minimax_h3_fl2v_turbo_8step_v1.0_comfyui_bf16.safetensors,8,768,768,0.59,n/a,5.0,124,42,25619df9c9,ok,341.0,341.4,11.2,264.0,32.5,65.1,24.0,1.35,10.84,170,videos/i2v_F.mp4,111fd992-5391-4339-9cc1-2d6fd74d5274,2026-10-03 19:15:27,
i2v_G,i2v,G,,img2video/h3_full,minimax_h3_fl2va_pruned_int8_convrot.safetensors,,20,768,768,0.59,n/a,5.0,124,42,25619df9c9,ok,663.9,664.4,15.2,608.8,30.1,37.8,24.0,1.35,11.31,330,videos/i2v_G.mp4,22cb2336-0df2-4150-890f-ac7d0b03e49e,2026-10-03 19:21:29,
t2v_A,t2v,A,,text2video/h3_fused,minimax_h3_fused_refdelta_r1024_turbo8_mystic07_int8_convrot.safetensors,,4,640,1120,0.717,0.9/64,5.0,124,42,979bd67583,ok,185.3,185.5,10.2,104.6,25.1,69.4,24.0,1.35,11.32,93,videos/t2v_A.mp4,dd62237e-056b-4a61-a088-d0316718012c,2026-10-03 19:32:53,
t2v_B,t2v,B,,text2video/h3_fused,minimax_h3_fused_refdelta_r1024_turbo8_mystic07_int8_convrot.safetensors,,8,640,1120,0.717,0.9/64,5.0,124,42,979bd67583,ok,286.5,286.7,9.6,206.5,25.1,69.4,24.0,1.35,11.3,143,videos/t2v_B.mp4,667dd2e3-411b-4607-8643-171e1c89b513,2026-10-03 19:36:20,
t2v_C,t2v,C,,text2video/h3_fused,minimax_h3_fused_refdelta_r1024_turbo8_mystic07_int8_convrot.safetensors,,4,768,1344,1.032,0.9/64,5.0,124,42,979bd67583,ok,249.1,249.5,9.5,154.0,37.3,84.6,24.0,1.35,12.24,124,videos/t2v_C.mp4,cab59f23-313d-4b3e-9a5f-91b90199f83f,2026-10-03 19:41:27,
t2v_D,t2v,D,,text2video/h3_fused,minimax_h3_fused_refdelta_r1024_turbo8_mystic07_int8_convrot.safetensors,,8,768,1344,1.032,0.9/64,5.0,124,42,979bd67583,ok,377.0,377.5,10.0,303.8,37.0,62.3,24.0,1.35,12.24,187,videos/t2v_D.mp4,550f5c1e-a6a9-4a5c-a87c-b5127ef4e7bd,2026-10-03 19:45:57,
t2v_E,t2v,E,,text2video/h3_fused,minimax_h3_fused_refdelta_r1024_turbo8_mystic07_int8_convrot.safetensors,,8,768,1344,1.032,off,5.0,124,42,979bd67583,ok,552.1,552.5,8.8,497.3,61.5,45.4,24.0,1.35,12.24,274,videos/t2v_E.mp4,2614eaca-d34b-4666-a5e4-6d76adc75419,2026-10-03 19:52:34,
t2v_F,t2v,F,,text2video/h3_full,minimax_h3_fl2va_pruned_int8_convrot.safetensors,minimax_h3_fl2v_turbo_8step_v1.0_comfyui_bf16.safetensors,8,768,1344,1.032,n/a,5.0,124,42,979bd67583,ok,587.8,588.1,18.2,519.8,63.9,48.6,24.0,1.35,12.45,291,videos/t2v_F.mp4,8049773b-48b7-4d44-9099-1b6d13eb6a09,2026-10-03 20:02:07,
t2v_G,t2v,G,,text2video/h3_full,minimax_h3_fl2va_pruned_int8_convrot.safetensors,,20,768,1344,1.032,n/a,5.0,124,42,979bd67583,ok,1304.0,1304.3,15.8,1239.7,61.5,47.5,24.0,1.35,12.24,646,videos/t2v_G.mp4,53936a23-5ed9-4361-b3e4-ca992279aaee,2026-10-03 20:12:16,
i2v_D_15s,i2v,D,15s,img2video/h3_fused,minimax_h3_fused_refdelta_r1024_turbo8_mystic07_int8_convrot.safetensors,,8,768,768,0.59,0.9/64,15.0,362,42,25619df9c9,ok,692.8,693.1,20.8,573.9,70.3,97.2,24.0,1.35,19.69,343,videos/i2v_D_15s.mp4,6b38cbcd-0f1f-432e-9722-a3580e64308b,2026-10-03 20:34:39,
